{
    "items": [
        {
            "Name": "UI",
            "TextColor": {
                "r": 1.0,
                "g": 1.0,
                "b": 1.0,
                "a": 1.0
            },
            "FontSize": 12,
            "FontStyle": 0,
            "ImageColor": {
                "r": 0.3352171778678894,
                "g": 0.8773584961891174,
                "b": 0.7879902720451355,
                "a": 1.0
            },
            "ImageType": 2
        },
        {
            "Name": "Game",
            "TextColor": {
                "r": 1.0,
                "g": 1.0,
                "b": 1.0,
                "a": 1.0
            },
            "FontSize": 12,
            "FontStyle": 0,
            "ImageColor": {
                "r": 1.0,
                "g": 0.41981130838394167,
                "b": 0.41981130838394167,
                "a": 1.0
            },
            "ImageType": 2
        },
        {
            "Name": "dawd",
            "TextColor": {
                "r": 0.650943398475647,
                "g": 0.2118636518716812,
                "b": 0.2118636518716812,
                "a": 1.0
            },
            "FontSize": 12,
            "FontStyle": 0,
            "ImageColor": {
                "r": 0.2536489963531494,
                "g": 0.5660377740859985,
                "b": 0.31553614139556887,
                "a": 1.0
            },
            "ImageType": 0
        }
    ]
}